repo,ecosystem,year_month,is_bot,event_count
angular/angular,Frontend,2023-01,0,2086
angular/angular,Frontend,2023-01,1,319
angular/angular,Frontend,2023-02,0,2433
angular/angular,Frontend,2023-02,1,388
angular/angular,Frontend,2023-03,0,2463
angular/angular,Frontend,2023-03,1,461
angular/angular,Frontend,2023-04,0,2759
angular/angular,Frontend,2023-04,1,552
angular/angular,Frontend,2023-05,0,2782
angular/angular,Frontend,2023-05,1,527
angular/angular,Frontend,2023-06,0,2526
angular/angular,Frontend,2023-06,1,473
angular/angular,Frontend,2023-07,0,2184
angular/angular,Frontend,2023-07,1,395
angular/angular,Frontend,2023-08,0,2507
angular/angular,Frontend,2023-08,1,407
angular/angular,Frontend,2023-09,0,2573
angular/angular,Frontend,2023-09,1,437
angular/angular,Frontend,2023-10,0,3059
angular/angular,Frontend,2023-10,1,626
angular/angular,Frontend,2023-11,0,5333
angular/angular,Frontend,2023-11,1,554
angular/angular,Frontend,2023-12,0,2320
angular/angular,Frontend,2023-12,1,694
angular/angular,Frontend,2024-01,0,3190
angular/angular,Frontend,2024-01,1,513
angular/angular,Frontend,2024-02,0,2996
angular/angular,Frontend,2024-02,1,554
angular/angular,Frontend,2024-03,0,3266
angular/angular,Frontend,2024-03,1,751
angular/angular,Frontend,2024-04,0,2799
angular/angular,Frontend,2024-04,1,635
angular/angular,Frontend,2024-05,0,3217
angular/angular,Frontend,2024-05,1,636
angular/angular,Frontend,2024-06,0,2747
angular/angular,Frontend,2024-06,1,529
angular/angular,Frontend,2024-07,0,2606
angular/angular,Frontend,2024-07,1,560
angular/angular,Frontend,2024-08,0,2283
angular/angular,Frontend,2024-08,1,496
angular/angular,Frontend,2024-09,0,2434
angular/angular,Frontend,2024-09,1,462
angular/angular,Frontend,2024-10,0,2421
angular/angular,Frontend,2024-10,1,540
angular/angular,Frontend,2024-11,0,2763
angular/angular,Frontend,2024-11,1,541
angular/angular,Frontend,2024-12,0,1913
angular/angular,Frontend,2024-12,1,553
ansible/ansible,Backend/DevOps,2023-01,0,1263
ansible/ansible,Backend/DevOps,2023-01,1,207
ansible/ansible,Backend/DevOps,2023-02,0,1409
ansible/ansible,Backend/DevOps,2023-02,1,199
ansible/ansible,Backend/DevOps,2023-03,0,1543
ansible/ansible,Backend/DevOps,2023-03,1,186
ansible/ansible,Backend/DevOps,2023-04,0,1497
ansible/ansible,Backend/DevOps,2023-04,1,345
ansible/ansible,Backend/DevOps,2023-05,0,1339
ansible/ansible,Backend/DevOps,2023-05,1,269
ansible/ansible,Backend/DevOps,2023-06,0,1291
ansible/ansible,Backend/DevOps,2023-06,1,224
ansible/ansible,Backend/DevOps,2023-07,0,1227
ansible/ansible,Backend/DevOps,2023-07,1,176
ansible/ansible,Backend/DevOps,2023-08,0,1344
ansible/ansible,Backend/DevOps,2023-08,1,174
ansible/ansible,Backend/DevOps,2023-09,0,1234
ansible/ansible,Backend/DevOps,2023-09,1,152
ansible/ansible,Backend/DevOps,2023-10,0,1543
ansible/ansible,Backend/DevOps,2023-10,1,181
ansible/ansible,Backend/DevOps,2023-11,0,1197
ansible/ansible,Backend/DevOps,2023-11,1,182
ansible/ansible,Backend/DevOps,2023-12,0,930
ansible/ansible,Backend/DevOps,2023-12,1,127
ansible/ansible,Backend/DevOps,2024-01,0,1250
ansible/ansible,Backend/DevOps,2024-01,1,186
ansible/ansible,Backend/DevOps,2024-02,0,1134
ansible/ansible,Backend/DevOps,2024-02,1,138
ansible/ansible,Backend/DevOps,2024-03,0,1148
ansible/ansible,Backend/DevOps,2024-03,1,145
ansible/ansible,Backend/DevOps,2024-04,0,1337
ansible/ansible,Backend/DevOps,2024-04,1,222
ansible/ansible,Backend/DevOps,2024-05,0,1173
ansible/ansible,Backend/DevOps,2024-05,1,164
ansible/ansible,Backend/DevOps,2024-06,0,1081
ansible/ansible,Backend/DevOps,2024-06,1,173
ansible/ansible,Backend/DevOps,2024-07,0,1111
ansible/ansible,Backend/DevOps,2024-07,1,190
ansible/ansible,Backend/DevOps,2024-08,0,1250
ansible/ansible,Backend/DevOps,2024-08,1,185
ansible/ansible,Backend/DevOps,2024-09,0,941
ansible/ansible,Backend/DevOps,2024-09,1,135
ansible/ansible,Backend/DevOps,2024-10,0,1153
ansible/ansible,Backend/DevOps,2024-10,1,144
ansible/ansible,Backend/DevOps,2024-11,0,1098
ansible/ansible,Backend/DevOps,2024-11,1,181
ansible/ansible,Backend/DevOps,2024-12,0,795
ansible/ansible,Backend/DevOps,2024-12,1,90
apache/spark,Backend/DevOps,2023-01,0,3458
apache/spark,Backend/DevOps,2023-01,1,65
apache/spark,Backend/DevOps,2023-02,0,3047
apache/spark,Backend/DevOps,2023-02,1,45
apache/spark,Backend/DevOps,2023-03,0,2902
apache/spark,Backend/DevOps,2023-03,1,44
apache/spark,Backend/DevOps,2023-04,0,2545
apache/spark,Backend/DevOps,2023-04,1,47
apache/spark,Backend/DevOps,2023-05,0,2723
apache/spark,Backend/DevOps,2023-05,1,65
apache/spark,Backend/DevOps,2023-06,0,2724
apache/spark,Backend/DevOps,2023-06,1,73
apache/spark,Backend/DevOps,2023-07,0,2877
apache/spark,Backend/DevOps,2023-07,1,91
apache/spark,Backend/DevOps,2023-08,0,3463
apache/spark,Backend/DevOps,2023-08,1,77
apache/spark,Backend/DevOps,2023-09,0,2890
apache/spark,Backend/DevOps,2023-09,1,65
apache/spark,Backend/DevOps,2023-10,0,2892
apache/spark,Backend/DevOps,2023-10,1,106
apache/spark,Backend/DevOps,2023-11,0,3066
apache/spark,Backend/DevOps,2023-11,1,89
apache/spark,Backend/DevOps,2023-12,0,2554
apache/spark,Backend/DevOps,2023-12,1,93
apache/spark,Backend/DevOps,2024-01,0,2777
apache/spark,Backend/DevOps,2024-01,1,65
apache/spark,Backend/DevOps,2024-02,0,2323
apache/spark,Backend/DevOps,2024-02,1,75
apache/spark,Backend/DevOps,2024-03,0,2867
apache/spark,Backend/DevOps,2024-03,1,70
apache/spark,Backend/DevOps,2024-04,0,3101
apache/spark,Backend/DevOps,2024-04,1,37
apache/spark,Backend/DevOps,2024-05,0,3183
apache/spark,Backend/DevOps,2024-05,1,68
apache/spark,Backend/DevOps,2024-06,0,2041
apache/spark,Backend/DevOps,2024-06,1,61
apache/spark,Backend/DevOps,2024-07,0,2533
apache/spark,Backend/DevOps,2024-07,1,62
apache/spark,Backend/DevOps,2024-08,0,2576
apache/spark,Backend/DevOps,2024-08,1,87
apache/spark,Backend/DevOps,2024-09,0,2336
apache/spark,Backend/DevOps,2024-09,1,78
apache/spark,Backend/DevOps,2024-10,0,2489
apache/spark,Backend/DevOps,2024-10,1,68
apache/spark,Backend/DevOps,2024-11,0,2032
apache/spark,Backend/DevOps,2024-11,1,57
apache/spark,Backend/DevOps,2024-12,0,1906
apache/spark,Backend/DevOps,2024-12,1,61
django/django,Backend/DevOps,2023-01,0,1236
django/django,Backend/DevOps,2023-01,1,1
django/django,Backend/DevOps,2023-02,0,1268
django/django,Backend/DevOps,2023-02,1,2
django/django,Backend/DevOps,2023-03,0,1286
django/django,Backend/DevOps,2023-03,1,1
django/django,Backend/DevOps,2023-04,0,1297
django/django,Backend/DevOps,2023-05,0,1738
django/django,Backend/DevOps,2023-05,1,1
django/django,Backend/DevOps,2023-06,0,1320
django/django,Backend/DevOps,2023-06,1,2
django/django,Backend/DevOps,2023-07,0,1083
django/django,Backend/DevOps,2023-07,1,2
django/django,Backend/DevOps,2023-08,0,1103
django/django,Backend/DevOps,2023-09,0,1294
django/django,Backend/DevOps,2023-10,0,1241
django/django,Backend/DevOps,2023-10,1,3
django/django,Backend/DevOps,2023-11,0,1219
django/django,Backend/DevOps,2023-11,1,6
django/django,Backend/DevOps,2023-12,0,1210
django/django,Backend/DevOps,2024-01,0,1387
django/django,Backend/DevOps,2024-01,1,1
django/django,Backend/DevOps,2024-02,0,1282
django/django,Backend/DevOps,2024-02,1,1
django/django,Backend/DevOps,2024-03,0,1267
django/django,Backend/DevOps,2024-03,1,6
django/django,Backend/DevOps,2024-04,0,1002
django/django,Backend/DevOps,2024-04,1,10
django/django,Backend/DevOps,2024-05,0,1108
django/django,Backend/DevOps,2024-05,1,14
django/django,Backend/DevOps,2024-06,0,1030
django/django,Backend/DevOps,2024-06,1,10
django/django,Backend/DevOps,2024-07,0,1191
django/django,Backend/DevOps,2024-07,1,2
django/django,Backend/DevOps,2024-08,0,1422
django/django,Backend/DevOps,2024-08,1,1
django/django,Backend/DevOps,2024-09,0,1165
django/django,Backend/DevOps,2024-10,0,1221
django/django,Backend/DevOps,2024-10,1,1
django/django,Backend/DevOps,2024-11,0,2032
django/django,Backend/DevOps,2024-11,1,4
django/django,Backend/DevOps,2024-12,0,1061
django/django,Backend/DevOps,2024-12,1,1
docker/compose,Backend/DevOps,2023-01,0,893
docker/compose,Backend/DevOps,2023-01,1,61
docker/compose,Backend/DevOps,2023-02,0,853
docker/compose,Backend/DevOps,2023-02,1,59
docker/compose,Backend/DevOps,2023-03,0,803
docker/compose,Backend/DevOps,2023-03,1,46
docker/compose,Backend/DevOps,2023-04,0,753
docker/compose,Backend/DevOps,2023-04,1,50
docker/compose,Backend/DevOps,2023-05,0,1032
docker/compose,Backend/DevOps,2023-05,1,89
docker/compose,Backend/DevOps,2023-06,0,825
docker/compose,Backend/DevOps,2023-06,1,96
docker/compose,Backend/DevOps,2023-07,0,636
docker/compose,Backend/DevOps,2023-07,1,45
docker/compose,Backend/DevOps,2023-08,0,766
docker/compose,Backend/DevOps,2023-08,1,38
docker/compose,Backend/DevOps,2023-09,0,714
docker/compose,Backend/DevOps,2023-09,1,35
docker/compose,Backend/DevOps,2023-10,0,639
docker/compose,Backend/DevOps,2023-10,1,38
docker/compose,Backend/DevOps,2023-11,0,742
docker/compose,Backend/DevOps,2023-11,1,48
docker/compose,Backend/DevOps,2023-12,0,619
docker/compose,Backend/DevOps,2023-12,1,43
docker/compose,Backend/DevOps,2024-01,0,1115
docker/compose,Backend/DevOps,2024-01,1,75
docker/compose,Backend/DevOps,2024-02,0,906
docker/compose,Backend/DevOps,2024-02,1,72
docker/compose,Backend/DevOps,2024-03,0,838
docker/compose,Backend/DevOps,2024-03,1,63
docker/compose,Backend/DevOps,2024-04,0,728
docker/compose,Backend/DevOps,2024-04,1,73
docker/compose,Backend/DevOps,2024-05,0,626
docker/compose,Backend/DevOps,2024-05,1,34
docker/compose,Backend/DevOps,2024-06,0,690
docker/compose,Backend/DevOps,2024-06,1,29
docker/compose,Backend/DevOps,2024-07,0,727
docker/compose,Backend/DevOps,2024-07,1,67
docker/compose,Backend/DevOps,2024-08,0,568
docker/compose,Backend/DevOps,2024-08,1,48
docker/compose,Backend/DevOps,2024-09,0,672
docker/compose,Backend/DevOps,2024-09,1,68
docker/compose,Backend/DevOps,2024-10,0,882
docker/compose,Backend/DevOps,2024-10,1,53
docker/compose,Backend/DevOps,2024-11,0,713
docker/compose,Backend/DevOps,2024-11,1,26
docker/compose,Backend/DevOps,2024-12,0,504
docker/compose,Backend/DevOps,2024-12,1,49
elastic/elasticsearch,Backend/DevOps,2023-01,0,4392
elastic/elasticsearch,Backend/DevOps,2023-01,1,119
elastic/elasticsearch,Backend/DevOps,2023-02,0,4459
elastic/elasticsearch,Backend/DevOps,2023-02,1,98
elastic/elasticsearch,Backend/DevOps,2023-03,0,3848
elastic/elasticsearch,Backend/DevOps,2023-03,1,86
elastic/elasticsearch,Backend/DevOps,2023-04,0,3769
elastic/elasticsearch,Backend/DevOps,2023-04,1,101
elastic/elasticsearch,Backend/DevOps,2023-05,0,4155
elastic/elasticsearch,Backend/DevOps,2023-05,1,108
elastic/elasticsearch,Backend/DevOps,2023-06,0,4468
elastic/elasticsearch,Backend/DevOps,2023-06,1,102
elastic/elasticsearch,Backend/DevOps,2023-07,0,3958
elastic/elasticsearch,Backend/DevOps,2023-07,1,139
elastic/elasticsearch,Backend/DevOps,2023-08,0,5492
elastic/elasticsearch,Backend/DevOps,2023-08,1,172
elastic/elasticsearch,Backend/DevOps,2023-09,0,5406
elastic/elasticsearch,Backend/DevOps,2023-09,1,131
elastic/elasticsearch,Backend/DevOps,2023-10,0,7907
elastic/elasticsearch,Backend/DevOps,2023-10,1,166
elastic/elasticsearch,Backend/DevOps,2023-11,0,6169
elastic/elasticsearch,Backend/DevOps,2023-11,1,146
elastic/elasticsearch,Backend/DevOps,2023-12,0,4828
elastic/elasticsearch,Backend/DevOps,2023-12,1,118
elastic/elasticsearch,Backend/DevOps,2024-01,0,7047
elastic/elasticsearch,Backend/DevOps,2024-01,1,125
elastic/elasticsearch,Backend/DevOps,2024-02,0,4821
elastic/elasticsearch,Backend/DevOps,2024-02,1,97
elastic/elasticsearch,Backend/DevOps,2024-03,0,5956
elastic/elasticsearch,Backend/DevOps,2024-03,1,164
elastic/elasticsearch,Backend/DevOps,2024-04,0,6012
elastic/elasticsearch,Backend/DevOps,2024-04,1,248
elastic/elasticsearch,Backend/DevOps,2024-05,0,6878
elastic/elasticsearch,Backend/DevOps,2024-05,1,234
elastic/elasticsearch,Backend/DevOps,2024-06,0,5701
elastic/elasticsearch,Backend/DevOps,2024-06,1,168
elastic/elasticsearch,Backend/DevOps,2024-07,0,7171
elastic/elasticsearch,Backend/DevOps,2024-07,1,434
elastic/elasticsearch,Backend/DevOps,2024-08,0,5358
elastic/elasticsearch,Backend/DevOps,2024-08,1,240
elastic/elasticsearch,Backend/DevOps,2024-09,0,7578
elastic/elasticsearch,Backend/DevOps,2024-09,1,375
elastic/elasticsearch,Backend/DevOps,2024-10,0,11959
elastic/elasticsearch,Backend/DevOps,2024-10,1,538
elastic/elasticsearch,Backend/DevOps,2024-11,0,9001
elastic/elasticsearch,Backend/DevOps,2024-11,1,530
elastic/elasticsearch,Backend/DevOps,2024-12,0,7802
elastic/elasticsearch,Backend/DevOps,2024-12,1,510
facebook/react,Frontend,2023-01,0,2528
facebook/react,Frontend,2023-01,1,97
facebook/react,Frontend,2023-02,0,2945
facebook/react,Frontend,2023-02,1,244
facebook/react,Frontend,2023-03,0,3231
facebook/react,Frontend,2023-03,1,288
facebook/react,Frontend,2023-04,0,2912
facebook/react,Frontend,2023-04,1,180
facebook/react,Frontend,2023-05,0,2694
facebook/react,Frontend,2023-05,1,100
facebook/react,Frontend,2023-06,0,2317
facebook/react,Frontend,2023-06,1,124
facebook/react,Frontend,2023-07,0,2087
facebook/react,Frontend,2023-07,1,139
facebook/react,Frontend,2023-08,0,2260
facebook/react,Frontend,2023-08,1,118
facebook/react,Frontend,2023-09,0,2127
facebook/react,Frontend,2023-09,1,136
facebook/react,Frontend,2023-10,0,2144
facebook/react,Frontend,2023-10,1,236
facebook/react,Frontend,2023-11,0,1988
facebook/react,Frontend,2023-11,1,87
facebook/react,Frontend,2023-12,0,1638
facebook/react,Frontend,2023-12,1,50
facebook/react,Frontend,2024-01,0,2743
facebook/react,Frontend,2024-01,1,198
facebook/react,Frontend,2024-02,0,2859
facebook/react,Frontend,2024-02,1,283
facebook/react,Frontend,2024-03,0,2830
facebook/react,Frontend,2024-03,1,241
facebook/react,Frontend,2024-04,0,2997
facebook/react,Frontend,2024-04,1,2454
facebook/react,Frontend,2024-05,0,4202
facebook/react,Frontend,2024-05,1,546
facebook/react,Frontend,2024-06,0,3611
facebook/react,Frontend,2024-06,1,641
facebook/react,Frontend,2024-07,0,3927
facebook/react,Frontend,2024-07,1,865
facebook/react,Frontend,2024-08,0,3114
facebook/react,Frontend,2024-08,1,480
facebook/react,Frontend,2024-09,0,2964
facebook/react,Frontend,2024-09,1,535
facebook/react,Frontend,2024-10,0,2720
facebook/react,Frontend,2024-10,1,350
facebook/react,Frontend,2024-11,0,2259
facebook/react,Frontend,2024-11,1,328
facebook/react,Frontend,2024-12,0,2663
facebook/react,Frontend,2024-12,1,478
facebook/react-native,Frontend,2023-01,0,2670
facebook/react-native,Frontend,2023-01,1,879
facebook/react-native,Frontend,2023-02,0,2412
facebook/react-native,Frontend,2023-02,1,1202
facebook/react-native,Frontend,2023-03,0,2688
facebook/react-native,Frontend,2023-03,1,2329
facebook/react-native,Frontend,2023-04,0,2608
facebook/react-native,Frontend,2023-04,1,2832
facebook/react-native,Frontend,2023-05,0,2396
facebook/react-native,Frontend,2023-05,1,2613
facebook/react-native,Frontend,2023-06,0,2708
facebook/react-native,Frontend,2023-06,1,2711
facebook/react-native,Frontend,2023-07,0,2761
facebook/react-native,Frontend,2023-07,1,2490
facebook/react-native,Frontend,2023-08,0,2579
facebook/react-native,Frontend,2023-08,1,3504
facebook/react-native,Frontend,2023-09,0,2435
facebook/react-native,Frontend,2023-09,1,3858
facebook/react-native,Frontend,2023-10,0,3798
facebook/react-native,Frontend,2023-10,1,5252
facebook/react-native,Frontend,2023-11,0,2081
facebook/react-native,Frontend,2023-11,1,3081
facebook/react-native,Frontend,2023-12,0,2132
facebook/react-native,Frontend,2023-12,1,2159
facebook/react-native,Frontend,2024-01,0,2829
facebook/react-native,Frontend,2024-01,1,3157
facebook/react-native,Frontend,2024-02,0,2556
facebook/react-native,Frontend,2024-02,1,2451
facebook/react-native,Frontend,2024-03,0,2319
facebook/react-native,Frontend,2024-03,1,2444
facebook/react-native,Frontend,2024-04,0,2596
facebook/react-native,Frontend,2024-04,1,3248
facebook/react-native,Frontend,2024-05,0,1917
facebook/react-native,Frontend,2024-05,1,1931
facebook/react-native,Frontend,2024-06,0,2367
facebook/react-native,Frontend,2024-06,1,2663
facebook/react-native,Frontend,2024-07,0,2702
facebook/react-native,Frontend,2024-07,1,3371
facebook/react-native,Frontend,2024-08,0,2331
facebook/react-native,Frontend,2024-08,1,2213
facebook/react-native,Frontend,2024-09,0,2352
facebook/react-native,Frontend,2024-09,1,2335
facebook/react-native,Frontend,2024-10,0,2558
facebook/react-native,Frontend,2024-10,1,3031
facebook/react-native,Frontend,2024-11,0,3105
facebook/react-native,Frontend,2024-11,1,2771
facebook/react-native,Frontend,2024-12,0,2217
facebook/react-native,Frontend,2024-12,1,2052
flutter/flutter,Frontend,2023-01,0,10745
flutter/flutter,Frontend,2023-01,1,1983
flutter/flutter,Frontend,2023-02,0,11080
flutter/flutter,Frontend,2023-02,1,2140
flutter/flutter,Frontend,2023-03,0,11200
flutter/flutter,Frontend,2023-03,1,5514
flutter/flutter,Frontend,2023-04,0,9667
flutter/flutter,Frontend,2023-04,1,3055
flutter/flutter,Frontend,2023-05,0,10885
flutter/flutter,Frontend,2023-05,1,3118
flutter/flutter,Frontend,2023-06,0,9388
flutter/flutter,Frontend,2023-06,1,2948
flutter/flutter,Frontend,2023-07,0,8915
flutter/flutter,Frontend,2023-07,1,3513
flutter/flutter,Frontend,2023-08,0,11022
flutter/flutter,Frontend,2023-08,1,3589
flutter/flutter,Frontend,2023-09,0,9843
flutter/flutter,Frontend,2023-09,1,3191
flutter/flutter,Frontend,2023-10,0,8803
flutter/flutter,Frontend,2023-10,1,3315
flutter/flutter,Frontend,2023-11,0,8344
flutter/flutter,Frontend,2023-11,1,2982
flutter/flutter,Frontend,2023-12,0,6705
flutter/flutter,Frontend,2023-12,1,2609
flutter/flutter,Frontend,2024-01,0,9434
flutter/flutter,Frontend,2024-01,1,3286
flutter/flutter,Frontend,2024-02,0,8728
flutter/flutter,Frontend,2024-02,1,3283
flutter/flutter,Frontend,2024-03,0,8314
flutter/flutter,Frontend,2024-03,1,2928
flutter/flutter,Frontend,2024-04,0,7990
flutter/flutter,Frontend,2024-04,1,2911
flutter/flutter,Frontend,2024-05,0,9248
flutter/flutter,Frontend,2024-05,1,3289
flutter/flutter,Frontend,2024-06,0,7990
flutter/flutter,Frontend,2024-06,1,3459
flutter/flutter,Frontend,2024-07,0,8117
flutter/flutter,Frontend,2024-07,1,3184
flutter/flutter,Frontend,2024-08,0,9687
flutter/flutter,Frontend,2024-08,1,3494
flutter/flutter,Frontend,2024-09,0,8252
flutter/flutter,Frontend,2024-09,1,2751
flutter/flutter,Frontend,2024-10,0,8881
flutter/flutter,Frontend,2024-10,1,3282
flutter/flutter,Frontend,2024-11,0,7238
flutter/flutter,Frontend,2024-11,1,2644
flutter/flutter,Frontend,2024-12,0,7111
flutter/flutter,Frontend,2024-12,1,2142
golang/go,Backend/DevOps,2023-01,0,4342
golang/go,Backend/DevOps,2023-01,1,2226
golang/go,Backend/DevOps,2023-02,0,4464
golang/go,Backend/DevOps,2023-02,1,2053
golang/go,Backend/DevOps,2023-03,0,4293
golang/go,Backend/DevOps,2023-03,1,2067
golang/go,Backend/DevOps,2023-04,0,4326
golang/go,Backend/DevOps,2023-04,1,1864
golang/go,Backend/DevOps,2023-05,0,4399
golang/go,Backend/DevOps,2023-05,1,3320
golang/go,Backend/DevOps,2023-06,0,3947
golang/go,Backend/DevOps,2023-06,1,1841
golang/go,Backend/DevOps,2023-07,0,4283
golang/go,Backend/DevOps,2023-07,1,1943
golang/go,Backend/DevOps,2023-08,0,5470
golang/go,Backend/DevOps,2023-08,1,2951
golang/go,Backend/DevOps,2023-09,0,3896
golang/go,Backend/DevOps,2023-09,1,3326
golang/go,Backend/DevOps,2023-10,0,3742
golang/go,Backend/DevOps,2023-10,1,2148
golang/go,Backend/DevOps,2023-11,0,3877
golang/go,Backend/DevOps,2023-11,1,3341
golang/go,Backend/DevOps,2023-12,0,3087
golang/go,Backend/DevOps,2023-12,1,1586
golang/go,Backend/DevOps,2024-01,0,4020
golang/go,Backend/DevOps,2024-01,1,2426
golang/go,Backend/DevOps,2024-02,0,4048
golang/go,Backend/DevOps,2024-02,1,3571
golang/go,Backend/DevOps,2024-03,0,3930
golang/go,Backend/DevOps,2024-03,1,3129
golang/go,Backend/DevOps,2024-04,0,3327
golang/go,Backend/DevOps,2024-04,1,2602
golang/go,Backend/DevOps,2024-05,0,3888
golang/go,Backend/DevOps,2024-05,1,3584
golang/go,Backend/DevOps,2024-06,0,3734
golang/go,Backend/DevOps,2024-06,1,1465
golang/go,Backend/DevOps,2024-07,0,3554
golang/go,Backend/DevOps,2024-07,1,1663
golang/go,Backend/DevOps,2024-08,0,4093
golang/go,Backend/DevOps,2024-08,1,2327
golang/go,Backend/DevOps,2024-09,0,3755
golang/go,Backend/DevOps,2024-09,1,2630
golang/go,Backend/DevOps,2024-10,0,3234
golang/go,Backend/DevOps,2024-10,1,2429
golang/go,Backend/DevOps,2024-11,0,3445
golang/go,Backend/DevOps,2024-11,1,2484
golang/go,Backend/DevOps,2024-12,0,3833
golang/go,Backend/DevOps,2024-12,1,1784
hashicorp/terraform,Backend/DevOps,2023-01,0,1323
hashicorp/terraform,Backend/DevOps,2023-01,1,152
hashicorp/terraform,Backend/DevOps,2023-02,0,1425
hashicorp/terraform,Backend/DevOps,2023-02,1,204
hashicorp/terraform,Backend/DevOps,2023-03,0,1649
hashicorp/terraform,Backend/DevOps,2023-03,1,210
hashicorp/terraform,Backend/DevOps,2023-04,0,1166
hashicorp/terraform,Backend/DevOps,2023-04,1,215
hashicorp/terraform,Backend/DevOps,2023-05,0,1410
hashicorp/terraform,Backend/DevOps,2023-05,1,216
hashicorp/terraform,Backend/DevOps,2023-06,0,1438
hashicorp/terraform,Backend/DevOps,2023-06,1,193
hashicorp/terraform,Backend/DevOps,2023-07,0,1240
hashicorp/terraform,Backend/DevOps,2023-07,1,119
hashicorp/terraform,Backend/DevOps,2023-08,0,1461
hashicorp/terraform,Backend/DevOps,2023-08,1,72
hashicorp/terraform,Backend/DevOps,2023-09,0,1421
hashicorp/terraform,Backend/DevOps,2023-09,1,88
hashicorp/terraform,Backend/DevOps,2023-10,0,1636
hashicorp/terraform,Backend/DevOps,2023-10,1,75
hashicorp/terraform,Backend/DevOps,2023-11,0,1494
hashicorp/terraform,Backend/DevOps,2023-11,1,50
hashicorp/terraform,Backend/DevOps,2023-12,0,1105
hashicorp/terraform,Backend/DevOps,2023-12,1,872
hashicorp/terraform,Backend/DevOps,2024-01,0,1306
hashicorp/terraform,Backend/DevOps,2024-01,1,169
hashicorp/terraform,Backend/DevOps,2024-02,0,1423
hashicorp/terraform,Backend/DevOps,2024-02,1,187
hashicorp/terraform,Backend/DevOps,2024-03,0,1543
hashicorp/terraform,Backend/DevOps,2024-03,1,232
hashicorp/terraform,Backend/DevOps,2024-04,0,1616
hashicorp/terraform,Backend/DevOps,2024-04,1,244
hashicorp/terraform,Backend/DevOps,2024-05,0,1193
hashicorp/terraform,Backend/DevOps,2024-05,1,229
hashicorp/terraform,Backend/DevOps,2024-06,0,975
hashicorp/terraform,Backend/DevOps,2024-06,1,238
hashicorp/terraform,Backend/DevOps,2024-07,0,1052
hashicorp/terraform,Backend/DevOps,2024-07,1,187
hashicorp/terraform,Backend/DevOps,2024-08,0,977
hashicorp/terraform,Backend/DevOps,2024-08,1,325
hashicorp/terraform,Backend/DevOps,2024-09,0,1166
hashicorp/terraform,Backend/DevOps,2024-09,1,248
hashicorp/terraform,Backend/DevOps,2024-10,0,1043
hashicorp/terraform,Backend/DevOps,2024-10,1,269
hashicorp/terraform,Backend/DevOps,2024-11,0,1306
hashicorp/terraform,Backend/DevOps,2024-11,1,566
hashicorp/terraform,Backend/DevOps,2024-12,0,826
hashicorp/terraform,Backend/DevOps,2024-12,1,283
huggingface/transformers,ML/Data,2023-01,0,5213
huggingface/transformers,ML/Data,2023-01,1,249
huggingface/transformers,ML/Data,2023-02,0,6868
huggingface/transformers,ML/Data,2023-02,1,220
huggingface/transformers,ML/Data,2023-03,0,9709
huggingface/transformers,ML/Data,2023-03,1,185
huggingface/transformers,ML/Data,2023-04,0,11218
huggingface/transformers,ML/Data,2023-04,1,284
huggingface/transformers,ML/Data,2023-05,0,9125
huggingface/transformers,ML/Data,2023-05,1,304
huggingface/transformers,ML/Data,2023-06,0,7157
huggingface/transformers,ML/Data,2023-06,1,359
huggingface/transformers,ML/Data,2023-07,0,7577
huggingface/transformers,ML/Data,2023-07,1,404
huggingface/transformers,ML/Data,2023-08,0,6092
huggingface/transformers,ML/Data,2023-08,1,315
huggingface/transformers,ML/Data,2023-09,0,5417
huggingface/transformers,ML/Data,2023-09,1,346
huggingface/transformers,ML/Data,2023-10,0,6174
huggingface/transformers,ML/Data,2023-10,1,339
huggingface/transformers,ML/Data,2023-11,0,6106
huggingface/transformers,ML/Data,2023-11,1,449
huggingface/transformers,ML/Data,2023-12,0,4803
huggingface/transformers,ML/Data,2023-12,1,470
huggingface/transformers,ML/Data,2024-01,0,5724
huggingface/transformers,ML/Data,2024-01,1,341
huggingface/transformers,ML/Data,2024-02,0,5645
huggingface/transformers,ML/Data,2024-02,1,334
huggingface/transformers,ML/Data,2024-03,0,6834
huggingface/transformers,ML/Data,2024-03,1,361
huggingface/transformers,ML/Data,2024-04,0,6631
huggingface/transformers,ML/Data,2024-04,1,335
huggingface/transformers,ML/Data,2024-05,0,6562
huggingface/transformers,ML/Data,2024-05,1,387
huggingface/transformers,ML/Data,2024-06,0,4960
huggingface/transformers,ML/Data,2024-06,1,405
huggingface/transformers,ML/Data,2024-07,0,6085
huggingface/transformers,ML/Data,2024-07,1,447
huggingface/transformers,ML/Data,2024-08,0,6187
huggingface/transformers,ML/Data,2024-08,1,389
huggingface/transformers,ML/Data,2024-09,0,5780
huggingface/transformers,ML/Data,2024-09,1,295
huggingface/transformers,ML/Data,2024-10,0,6784
huggingface/transformers,ML/Data,2024-10,1,295
huggingface/transformers,ML/Data,2024-11,0,4660
huggingface/transformers,ML/Data,2024-11,1,224
huggingface/transformers,ML/Data,2024-12,0,4204
huggingface/transformers,ML/Data,2024-12,1,212
keras-team/keras,ML/Data,2023-01,0,710
keras-team/keras,ML/Data,2023-01,1,453
keras-team/keras,ML/Data,2023-02,0,706
keras-team/keras,ML/Data,2023-02,1,398
keras-team/keras,ML/Data,2023-03,0,751
keras-team/keras,ML/Data,2023-03,1,435
keras-team/keras,ML/Data,2023-04,0,948
keras-team/keras,ML/Data,2023-04,1,642
keras-team/keras,ML/Data,2023-05,0,604
keras-team/keras,ML/Data,2023-05,1,325
keras-team/keras,ML/Data,2023-06,0,499
keras-team/keras,ML/Data,2023-06,1,292
keras-team/keras,ML/Data,2023-07,0,442
keras-team/keras,ML/Data,2023-07,1,151
keras-team/keras,ML/Data,2023-08,0,403
keras-team/keras,ML/Data,2023-08,1,157
keras-team/keras,ML/Data,2023-09,0,1105
keras-team/keras,ML/Data,2023-09,1,95
keras-team/keras,ML/Data,2023-10,0,1101
keras-team/keras,ML/Data,2023-10,1,8
keras-team/keras,ML/Data,2023-11,0,1091
keras-team/keras,ML/Data,2023-11,1,37
keras-team/keras,ML/Data,2023-12,0,946
keras-team/keras,ML/Data,2023-12,1,37
keras-team/keras,ML/Data,2024-01,0,913
keras-team/keras,ML/Data,2024-01,1,41
keras-team/keras,ML/Data,2024-02,0,885
keras-team/keras,ML/Data,2024-02,1,98
keras-team/keras,ML/Data,2024-03,0,1089
keras-team/keras,ML/Data,2024-03,1,66
keras-team/keras,ML/Data,2024-04,0,1654
keras-team/keras,ML/Data,2024-04,1,156
keras-team/keras,ML/Data,2024-05,0,841
keras-team/keras,ML/Data,2024-05,1,124
keras-team/keras,ML/Data,2024-06,0,963
keras-team/keras,ML/Data,2024-06,1,75
keras-team/keras,ML/Data,2024-07,0,910
keras-team/keras,ML/Data,2024-07,1,83
keras-team/keras,ML/Data,2024-08,0,799
keras-team/keras,ML/Data,2024-08,1,76
keras-team/keras,ML/Data,2024-09,0,783
keras-team/keras,ML/Data,2024-09,1,71
keras-team/keras,ML/Data,2024-10,0,915
keras-team/keras,ML/Data,2024-10,1,90
keras-team/keras,ML/Data,2024-11,0,835
keras-team/keras,ML/Data,2024-11,1,72
keras-team/keras,ML/Data,2024-12,0,838
keras-team/keras,ML/Data,2024-12,1,112
kubernetes/kubernetes,Backend/DevOps,2023-01,0,6826
kubernetes/kubernetes,Backend/DevOps,2023-01,1,8954
kubernetes/kubernetes,Backend/DevOps,2023-02,0,6707
kubernetes/kubernetes,Backend/DevOps,2023-02,1,7745
kubernetes/kubernetes,Backend/DevOps,2023-03,0,8345
kubernetes/kubernetes,Backend/DevOps,2023-03,1,10447
kubernetes/kubernetes,Backend/DevOps,2023-04,0,5563
kubernetes/kubernetes,Backend/DevOps,2023-04,1,5728
kubernetes/kubernetes,Backend/DevOps,2023-05,0,6385
kubernetes/kubernetes,Backend/DevOps,2023-05,1,6765
kubernetes/kubernetes,Backend/DevOps,2023-06,0,5565
kubernetes/kubernetes,Backend/DevOps,2023-06,1,6191
kubernetes/kubernetes,Backend/DevOps,2023-07,0,6987
kubernetes/kubernetes,Backend/DevOps,2023-07,1,8393
kubernetes/kubernetes,Backend/DevOps,2023-08,0,5743
kubernetes/kubernetes,Backend/DevOps,2023-08,1,5425
kubernetes/kubernetes,Backend/DevOps,2023-09,0,6284
kubernetes/kubernetes,Backend/DevOps,2023-09,1,7396
kubernetes/kubernetes,Backend/DevOps,2023-10,0,7123
kubernetes/kubernetes,Backend/DevOps,2023-10,1,8453
kubernetes/kubernetes,Backend/DevOps,2023-11,0,4457
kubernetes/kubernetes,Backend/DevOps,2023-11,1,3686
kubernetes/kubernetes,Backend/DevOps,2023-12,0,3581
kubernetes/kubernetes,Backend/DevOps,2023-12,1,3165
kubernetes/kubernetes,Backend/DevOps,2024-01,0,5218
kubernetes/kubernetes,Backend/DevOps,2024-01,1,6284
kubernetes/kubernetes,Backend/DevOps,2024-02,0,5365
kubernetes/kubernetes,Backend/DevOps,2024-02,1,7389
kubernetes/kubernetes,Backend/DevOps,2024-03,0,5428
kubernetes/kubernetes,Backend/DevOps,2024-03,1,6194
kubernetes/kubernetes,Backend/DevOps,2024-04,0,5067
kubernetes/kubernetes,Backend/DevOps,2024-04,1,5430
kubernetes/kubernetes,Backend/DevOps,2024-05,0,5368
kubernetes/kubernetes,Backend/DevOps,2024-05,1,6204
kubernetes/kubernetes,Backend/DevOps,2024-06,0,5410
kubernetes/kubernetes,Backend/DevOps,2024-06,1,6194
kubernetes/kubernetes,Backend/DevOps,2024-07,0,6835
kubernetes/kubernetes,Backend/DevOps,2024-07,1,7815
kubernetes/kubernetes,Backend/DevOps,2024-08,0,5124
kubernetes/kubernetes,Backend/DevOps,2024-08,1,4830
kubernetes/kubernetes,Backend/DevOps,2024-09,0,6438
kubernetes/kubernetes,Backend/DevOps,2024-09,1,7759
kubernetes/kubernetes,Backend/DevOps,2024-10,0,7148
kubernetes/kubernetes,Backend/DevOps,2024-10,1,8848
kubernetes/kubernetes,Backend/DevOps,2024-11,0,5627
kubernetes/kubernetes,Backend/DevOps,2024-11,1,6791
kubernetes/kubernetes,Backend/DevOps,2024-12,0,4005
kubernetes/kubernetes,Backend/DevOps,2024-12,1,3515
microsoft/DeepSpeed,ML/Data,2023-01,0,915
microsoft/DeepSpeed,ML/Data,2023-02,0,1294
microsoft/DeepSpeed,ML/Data,2023-02,1,1
microsoft/DeepSpeed,ML/Data,2023-03,0,1866
microsoft/DeepSpeed,ML/Data,2023-03,1,13
microsoft/DeepSpeed,ML/Data,2023-04,0,13359
microsoft/DeepSpeed,ML/Data,2023-04,1,34
microsoft/DeepSpeed,ML/Data,2023-05,0,2815
microsoft/DeepSpeed,ML/Data,2023-05,1,15
microsoft/DeepSpeed,ML/Data,2023-06,0,2173
microsoft/DeepSpeed,ML/Data,2023-06,1,10
microsoft/DeepSpeed,ML/Data,2023-07,0,1786
microsoft/DeepSpeed,ML/Data,2023-07,1,84
microsoft/DeepSpeed,ML/Data,2023-08,0,1904
microsoft/DeepSpeed,ML/Data,2023-08,1,71
microsoft/DeepSpeed,ML/Data,2023-09,0,1598
microsoft/DeepSpeed,ML/Data,2023-09,1,75
microsoft/DeepSpeed,ML/Data,2023-10,0,1308
microsoft/DeepSpeed,ML/Data,2023-10,1,44
microsoft/DeepSpeed,ML/Data,2023-11,0,1621
microsoft/DeepSpeed,ML/Data,2023-11,1,38
microsoft/DeepSpeed,ML/Data,2023-12,0,1181
microsoft/DeepSpeed,ML/Data,2023-12,1,24
microsoft/DeepSpeed,ML/Data,2024-01,0,1782
microsoft/DeepSpeed,ML/Data,2024-01,1,59
microsoft/DeepSpeed,ML/Data,2024-02,0,1234
microsoft/DeepSpeed,ML/Data,2024-02,1,55
microsoft/DeepSpeed,ML/Data,2024-03,0,1244
microsoft/DeepSpeed,ML/Data,2024-03,1,31
microsoft/DeepSpeed,ML/Data,2024-04,0,1353
microsoft/DeepSpeed,ML/Data,2024-04,1,120
microsoft/DeepSpeed,ML/Data,2024-05,0,897
microsoft/DeepSpeed,ML/Data,2024-05,1,39
microsoft/DeepSpeed,ML/Data,2024-06,0,996
microsoft/DeepSpeed,ML/Data,2024-06,1,23
microsoft/DeepSpeed,ML/Data,2024-07,0,1116
microsoft/DeepSpeed,ML/Data,2024-07,1,29
microsoft/DeepSpeed,ML/Data,2024-08,0,1559
microsoft/DeepSpeed,ML/Data,2024-08,1,52
microsoft/DeepSpeed,ML/Data,2024-09,0,1009
microsoft/DeepSpeed,ML/Data,2024-09,1,25
microsoft/DeepSpeed,ML/Data,2024-10,0,1125
microsoft/DeepSpeed,ML/Data,2024-10,1,37
microsoft/DeepSpeed,ML/Data,2024-11,0,986
microsoft/DeepSpeed,ML/Data,2024-11,1,38
microsoft/DeepSpeed,ML/Data,2024-12,0,1028
microsoft/DeepSpeed,ML/Data,2024-12,1,26
microsoft/vscode,Backend/DevOps,2023-01,0,11940
microsoft/vscode,Backend/DevOps,2023-01,1,1776
microsoft/vscode,Backend/DevOps,2023-02,0,12478
microsoft/vscode,Backend/DevOps,2023-02,1,1754
microsoft/vscode,Backend/DevOps,2023-03,0,13155
microsoft/vscode,Backend/DevOps,2023-03,1,1873
microsoft/vscode,Backend/DevOps,2023-04,0,10912
microsoft/vscode,Backend/DevOps,2023-04,1,1635
microsoft/vscode,Backend/DevOps,2023-05,0,11739
microsoft/vscode,Backend/DevOps,2023-05,1,1907
microsoft/vscode,Backend/DevOps,2023-06,0,11538
microsoft/vscode,Backend/DevOps,2023-06,1,1778
microsoft/vscode,Backend/DevOps,2023-07,0,10951
microsoft/vscode,Backend/DevOps,2023-07,1,1667
microsoft/vscode,Backend/DevOps,2023-08,0,12964
microsoft/vscode,Backend/DevOps,2023-08,1,1696
microsoft/vscode,Backend/DevOps,2023-09,0,11643
microsoft/vscode,Backend/DevOps,2023-09,1,1565
microsoft/vscode,Backend/DevOps,2023-10,0,11336
microsoft/vscode,Backend/DevOps,2023-10,1,1546
microsoft/vscode,Backend/DevOps,2023-11,0,11346
microsoft/vscode,Backend/DevOps,2023-11,1,1457
microsoft/vscode,Backend/DevOps,2023-12,0,10331
microsoft/vscode,Backend/DevOps,2023-12,1,2172
microsoft/vscode,Backend/DevOps,2024-01,0,10799
microsoft/vscode,Backend/DevOps,2024-01,1,1579
microsoft/vscode,Backend/DevOps,2024-02,0,11747
microsoft/vscode,Backend/DevOps,2024-02,1,1833
microsoft/vscode,Backend/DevOps,2024-03,0,11506
microsoft/vscode,Backend/DevOps,2024-03,1,1553
microsoft/vscode,Backend/DevOps,2024-04,0,11156
microsoft/vscode,Backend/DevOps,2024-04,1,1622
microsoft/vscode,Backend/DevOps,2024-05,0,9626
microsoft/vscode,Backend/DevOps,2024-05,1,1440
microsoft/vscode,Backend/DevOps,2024-06,0,14666
microsoft/vscode,Backend/DevOps,2024-06,1,2324
microsoft/vscode,Backend/DevOps,2024-07,0,13501
microsoft/vscode,Backend/DevOps,2024-07,1,2724
microsoft/vscode,Backend/DevOps,2024-08,0,11466
microsoft/vscode,Backend/DevOps,2024-08,1,1633
microsoft/vscode,Backend/DevOps,2024-09,0,11591
microsoft/vscode,Backend/DevOps,2024-09,1,1476
microsoft/vscode,Backend/DevOps,2024-10,0,10682
microsoft/vscode,Backend/DevOps,2024-10,1,1540
microsoft/vscode,Backend/DevOps,2024-11,0,9186
microsoft/vscode,Backend/DevOps,2024-11,1,1073
microsoft/vscode,Backend/DevOps,2024-12,0,12756
microsoft/vscode,Backend/DevOps,2024-12,1,2742
mui/material-ui,Frontend,2023-01,0,2290
mui/material-ui,Frontend,2023-01,1,424
mui/material-ui,Frontend,2023-02,0,2342
mui/material-ui,Frontend,2023-02,1,443
mui/material-ui,Frontend,2023-03,0,2337
mui/material-ui,Frontend,2023-03,1,347
mui/material-ui,Frontend,2023-04,0,2322
mui/material-ui,Frontend,2023-04,1,385
mui/material-ui,Frontend,2023-05,0,2610
mui/material-ui,Frontend,2023-05,1,449
mui/material-ui,Frontend,2023-06,0,2094
mui/material-ui,Frontend,2023-06,1,368
mui/material-ui,Frontend,2023-07,0,2786
mui/material-ui,Frontend,2023-07,1,599
mui/material-ui,Frontend,2023-08,0,2978
mui/material-ui,Frontend,2023-08,1,505
mui/material-ui,Frontend,2023-09,0,2787
mui/material-ui,Frontend,2023-09,1,560
mui/material-ui,Frontend,2023-10,0,2759
mui/material-ui,Frontend,2023-10,1,665
mui/material-ui,Frontend,2023-11,0,2011
mui/material-ui,Frontend,2023-11,1,523
mui/material-ui,Frontend,2023-12,0,1706
mui/material-ui,Frontend,2023-12,1,427
mui/material-ui,Frontend,2024-01,0,2629
mui/material-ui,Frontend,2024-01,1,648
mui/material-ui,Frontend,2024-02,0,2294
mui/material-ui,Frontend,2024-02,1,444
mui/material-ui,Frontend,2024-03,0,2421
mui/material-ui,Frontend,2024-03,1,676
mui/material-ui,Frontend,2024-04,0,2007
mui/material-ui,Frontend,2024-04,1,466
mui/material-ui,Frontend,2024-05,0,2093
mui/material-ui,Frontend,2024-05,1,537
mui/material-ui,Frontend,2024-06,0,1955
mui/material-ui,Frontend,2024-06,1,492
mui/material-ui,Frontend,2024-07,0,2275
mui/material-ui,Frontend,2024-07,1,439
mui/material-ui,Frontend,2024-08,0,2469
mui/material-ui,Frontend,2024-08,1,494
mui/material-ui,Frontend,2024-09,0,2186
mui/material-ui,Frontend,2024-09,1,585
mui/material-ui,Frontend,2024-10,0,1965
mui/material-ui,Frontend,2024-10,1,549
mui/material-ui,Frontend,2024-11,0,1799
mui/material-ui,Frontend,2024-11,1,509
mui/material-ui,Frontend,2024-12,0,1819
mui/material-ui,Frontend,2024-12,1,531
numpy/numpy,ML/Data,2023-01,0,1849
numpy/numpy,ML/Data,2023-01,1,1
numpy/numpy,ML/Data,2023-02,0,1508
numpy/numpy,ML/Data,2023-03,0,1380
numpy/numpy,ML/Data,2023-03,1,14
numpy/numpy,ML/Data,2023-04,0,1391
numpy/numpy,ML/Data,2023-04,1,9
numpy/numpy,ML/Data,2023-05,0,1372
numpy/numpy,ML/Data,2023-05,1,6
numpy/numpy,ML/Data,2023-06,0,1662
numpy/numpy,ML/Data,2023-06,1,6
numpy/numpy,ML/Data,2023-07,0,1608
numpy/numpy,ML/Data,2023-07,1,7
numpy/numpy,ML/Data,2023-08,0,1975
numpy/numpy,ML/Data,2023-08,1,5
numpy/numpy,ML/Data,2023-09,0,1846
numpy/numpy,ML/Data,2023-09,1,10
numpy/numpy,ML/Data,2023-10,0,1556
numpy/numpy,ML/Data,2023-10,1,9
numpy/numpy,ML/Data,2023-11,0,1734
numpy/numpy,ML/Data,2023-11,1,9
numpy/numpy,ML/Data,2023-12,0,1642
numpy/numpy,ML/Data,2023-12,1,4
numpy/numpy,ML/Data,2024-01,0,1926
numpy/numpy,ML/Data,2024-01,1,14
numpy/numpy,ML/Data,2024-02,0,1459
numpy/numpy,ML/Data,2024-02,1,9
numpy/numpy,ML/Data,2024-03,0,1970
numpy/numpy,ML/Data,2024-03,1,8
numpy/numpy,ML/Data,2024-04,0,1515
numpy/numpy,ML/Data,2024-04,1,15
numpy/numpy,ML/Data,2024-05,0,1538
numpy/numpy,ML/Data,2024-05,1,8
numpy/numpy,ML/Data,2024-06,0,1837
numpy/numpy,ML/Data,2024-06,1,9
numpy/numpy,ML/Data,2024-07,0,1926
numpy/numpy,ML/Data,2024-07,1,13
numpy/numpy,ML/Data,2024-08,0,1721
numpy/numpy,ML/Data,2024-08,1,12
numpy/numpy,ML/Data,2024-09,0,1298
numpy/numpy,ML/Data,2024-09,1,12
numpy/numpy,ML/Data,2024-10,0,1419
numpy/numpy,ML/Data,2024-10,1,17
numpy/numpy,ML/Data,2024-11,0,1398
numpy/numpy,ML/Data,2024-11,1,10
numpy/numpy,ML/Data,2024-12,0,1443
numpy/numpy,ML/Data,2024-12,1,6
pallets/flask,Backend/DevOps,2023-01,0,480
pallets/flask,Backend/DevOps,2023-01,1,3
pallets/flask,Backend/DevOps,2023-02,0,575
pallets/flask,Backend/DevOps,2023-02,1,6
pallets/flask,Backend/DevOps,2023-03,0,502
pallets/flask,Backend/DevOps,2023-03,1,2
pallets/flask,Backend/DevOps,2023-04,0,617
pallets/flask,Backend/DevOps,2023-04,1,7
pallets/flask,Backend/DevOps,2023-05,0,566
pallets/flask,Backend/DevOps,2023-05,1,5
pallets/flask,Backend/DevOps,2023-06,0,458
pallets/flask,Backend/DevOps,2023-06,1,3
pallets/flask,Backend/DevOps,2023-07,0,449
pallets/flask,Backend/DevOps,2023-07,1,11
pallets/flask,Backend/DevOps,2023-08,0,509
pallets/flask,Backend/DevOps,2023-08,1,4
pallets/flask,Backend/DevOps,2023-09,0,591
pallets/flask,Backend/DevOps,2023-09,1,4
pallets/flask,Backend/DevOps,2023-10,0,516
pallets/flask,Backend/DevOps,2023-10,1,5
pallets/flask,Backend/DevOps,2023-11,0,452
pallets/flask,Backend/DevOps,2023-11,1,16
pallets/flask,Backend/DevOps,2023-12,0,386
pallets/flask,Backend/DevOps,2023-12,1,3
pallets/flask,Backend/DevOps,2024-01,0,450
pallets/flask,Backend/DevOps,2024-01,1,9
pallets/flask,Backend/DevOps,2024-02,0,396
pallets/flask,Backend/DevOps,2024-02,1,5
pallets/flask,Backend/DevOps,2024-03,0,433
pallets/flask,Backend/DevOps,2024-03,1,2
pallets/flask,Backend/DevOps,2024-04,0,451
pallets/flask,Backend/DevOps,2024-04,1,31
pallets/flask,Backend/DevOps,2024-05,0,394
pallets/flask,Backend/DevOps,2024-05,1,12
pallets/flask,Backend/DevOps,2024-06,0,394
pallets/flask,Backend/DevOps,2024-06,1,3
pallets/flask,Backend/DevOps,2024-07,0,395
pallets/flask,Backend/DevOps,2024-07,1,3
pallets/flask,Backend/DevOps,2024-08,0,367
pallets/flask,Backend/DevOps,2024-08,1,2
pallets/flask,Backend/DevOps,2024-09,0,376
pallets/flask,Backend/DevOps,2024-10,0,428
pallets/flask,Backend/DevOps,2024-11,0,422
pallets/flask,Backend/DevOps,2024-11,1,1
pallets/flask,Backend/DevOps,2024-12,0,373
pandas-dev/pandas,ML/Data,2023-01,0,3550
pandas-dev/pandas,ML/Data,2023-01,1,44
pandas-dev/pandas,ML/Data,2023-02,0,3972
pandas-dev/pandas,ML/Data,2023-02,1,19
pandas-dev/pandas,ML/Data,2023-03,0,4127
pandas-dev/pandas,ML/Data,2023-03,1,63
pandas-dev/pandas,ML/Data,2023-04,0,4161
pandas-dev/pandas,ML/Data,2023-04,1,60
pandas-dev/pandas,ML/Data,2023-05,0,3142
pandas-dev/pandas,ML/Data,2023-05,1,60
pandas-dev/pandas,ML/Data,2023-06,0,2659
pandas-dev/pandas,ML/Data,2023-06,1,44
pandas-dev/pandas,ML/Data,2023-07,0,2595
pandas-dev/pandas,ML/Data,2023-07,1,38
pandas-dev/pandas,ML/Data,2023-08,0,3133
pandas-dev/pandas,ML/Data,2023-08,1,42
pandas-dev/pandas,ML/Data,2023-09,0,2409
pandas-dev/pandas,ML/Data,2023-09,1,24
pandas-dev/pandas,ML/Data,2023-10,0,2671
pandas-dev/pandas,ML/Data,2023-10,1,44
pandas-dev/pandas,ML/Data,2023-11,0,2777
pandas-dev/pandas,ML/Data,2023-11,1,35
pandas-dev/pandas,ML/Data,2023-12,0,2317
pandas-dev/pandas,ML/Data,2023-12,1,25
pandas-dev/pandas,ML/Data,2024-01,0,2913
pandas-dev/pandas,ML/Data,2024-01,1,33
pandas-dev/pandas,ML/Data,2024-02,0,2936
pandas-dev/pandas,ML/Data,2024-02,1,37
pandas-dev/pandas,ML/Data,2024-03,0,2615
pandas-dev/pandas,ML/Data,2024-03,1,45
pandas-dev/pandas,ML/Data,2024-04,0,2339
pandas-dev/pandas,ML/Data,2024-04,1,38
pandas-dev/pandas,ML/Data,2024-05,0,2315
pandas-dev/pandas,ML/Data,2024-05,1,33
pandas-dev/pandas,ML/Data,2024-06,0,1689
pandas-dev/pandas,ML/Data,2024-06,1,16
pandas-dev/pandas,ML/Data,2024-07,0,1776
pandas-dev/pandas,ML/Data,2024-07,1,20
pandas-dev/pandas,ML/Data,2024-08,0,2224
pandas-dev/pandas,ML/Data,2024-08,1,22
pandas-dev/pandas,ML/Data,2024-09,0,1776
pandas-dev/pandas,ML/Data,2024-09,1,26
pandas-dev/pandas,ML/Data,2024-10,0,1574
pandas-dev/pandas,ML/Data,2024-10,1,30
pandas-dev/pandas,ML/Data,2024-11,0,1755
pandas-dev/pandas,ML/Data,2024-11,1,37
pandas-dev/pandas,ML/Data,2024-12,0,1188
pandas-dev/pandas,ML/Data,2024-12,1,25
pytorch/pytorch,ML/Data,2023-01,0,15360
pytorch/pytorch,ML/Data,2023-01,1,7634
pytorch/pytorch,ML/Data,2023-02,0,15776
pytorch/pytorch,ML/Data,2023-02,1,7904
pytorch/pytorch,ML/Data,2023-03,0,18171
pytorch/pytorch,ML/Data,2023-03,1,9275
pytorch/pytorch,ML/Data,2023-04,0,20642
pytorch/pytorch,ML/Data,2023-04,1,8889
pytorch/pytorch,ML/Data,2023-05,0,15793
pytorch/pytorch,ML/Data,2023-05,1,9235
pytorch/pytorch,ML/Data,2023-06,0,14705
pytorch/pytorch,ML/Data,2023-06,1,8396
pytorch/pytorch,ML/Data,2023-07,0,14919
pytorch/pytorch,ML/Data,2023-07,1,7848
pytorch/pytorch,ML/Data,2023-08,0,16283
pytorch/pytorch,ML/Data,2023-08,1,9217
pytorch/pytorch,ML/Data,2023-09,0,14660
pytorch/pytorch,ML/Data,2023-09,1,9333
pytorch/pytorch,ML/Data,2023-10,0,16446
pytorch/pytorch,ML/Data,2023-10,1,8727
pytorch/pytorch,ML/Data,2023-11,0,19303
pytorch/pytorch,ML/Data,2023-11,1,9585
pytorch/pytorch,ML/Data,2023-12,0,14833
pytorch/pytorch,ML/Data,2023-12,1,6802
pytorch/pytorch,ML/Data,2024-01,0,18987
pytorch/pytorch,ML/Data,2024-01,1,8530
pytorch/pytorch,ML/Data,2024-02,0,19359
pytorch/pytorch,ML/Data,2024-02,1,8596
pytorch/pytorch,ML/Data,2024-03,0,19252
pytorch/pytorch,ML/Data,2024-03,1,8936
pytorch/pytorch,ML/Data,2024-04,0,21797
pytorch/pytorch,ML/Data,2024-04,1,14371
pytorch/pytorch,ML/Data,2024-05,0,21243
pytorch/pytorch,ML/Data,2024-05,1,11275
pytorch/pytorch,ML/Data,2024-06,0,24736
pytorch/pytorch,ML/Data,2024-06,1,10033
pytorch/pytorch,ML/Data,2024-07,0,23321
pytorch/pytorch,ML/Data,2024-07,1,11786
pytorch/pytorch,ML/Data,2024-08,0,23714
pytorch/pytorch,ML/Data,2024-08,1,11755
pytorch/pytorch,ML/Data,2024-09,0,17178
pytorch/pytorch,ML/Data,2024-09,1,10654
pytorch/pytorch,ML/Data,2024-10,0,23877
pytorch/pytorch,ML/Data,2024-10,1,13123
pytorch/pytorch,ML/Data,2024-11,0,20989
pytorch/pytorch,ML/Data,2024-11,1,13802
pytorch/pytorch,ML/Data,2024-12,0,17801
pytorch/pytorch,ML/Data,2024-12,1,11820
ray-project/ray,ML/Data,2023-01,0,3992
ray-project/ray,ML/Data,2023-01,1,232
ray-project/ray,ML/Data,2023-02,0,3761
ray-project/ray,ML/Data,2023-02,1,233
ray-project/ray,ML/Data,2023-03,0,4976
ray-project/ray,ML/Data,2023-03,1,233
ray-project/ray,ML/Data,2023-04,0,5052
ray-project/ray,ML/Data,2023-04,1,310
ray-project/ray,ML/Data,2023-05,0,5231
ray-project/ray,ML/Data,2023-05,1,222
ray-project/ray,ML/Data,2023-06,0,4927
ray-project/ray,ML/Data,2023-06,1,323
ray-project/ray,ML/Data,2023-07,0,4230
ray-project/ray,ML/Data,2023-07,1,159
ray-project/ray,ML/Data,2023-08,0,5703
ray-project/ray,ML/Data,2023-08,1,451
ray-project/ray,ML/Data,2023-09,0,4226
ray-project/ray,ML/Data,2023-09,1,112
ray-project/ray,ML/Data,2023-10,0,4635
ray-project/ray,ML/Data,2023-10,1,661
ray-project/ray,ML/Data,2023-11,0,3747
ray-project/ray,ML/Data,2023-11,1,33
ray-project/ray,ML/Data,2023-12,0,3237
ray-project/ray,ML/Data,2023-12,1,140
ray-project/ray,ML/Data,2024-01,0,3836
ray-project/ray,ML/Data,2024-01,1,14
ray-project/ray,ML/Data,2024-02,0,3586
ray-project/ray,ML/Data,2024-02,1,49
ray-project/ray,ML/Data,2024-03,0,4099
ray-project/ray,ML/Data,2024-03,1,76
ray-project/ray,ML/Data,2024-04,0,3964
ray-project/ray,ML/Data,2024-04,1,78
ray-project/ray,ML/Data,2024-05,0,3390
ray-project/ray,ML/Data,2024-05,1,30
ray-project/ray,ML/Data,2024-06,0,3578
ray-project/ray,ML/Data,2024-06,1,11
ray-project/ray,ML/Data,2024-07,0,3776
ray-project/ray,ML/Data,2024-07,1,14
ray-project/ray,ML/Data,2024-08,0,3493
ray-project/ray,ML/Data,2024-08,1,113
ray-project/ray,ML/Data,2024-09,0,3039
ray-project/ray,ML/Data,2024-09,1,18
ray-project/ray,ML/Data,2024-10,0,3882
ray-project/ray,ML/Data,2024-10,1,25
ray-project/ray,ML/Data,2024-11,0,3555
ray-project/ray,ML/Data,2024-11,1,4
ray-project/ray,ML/Data,2024-12,0,3593
ray-project/ray,ML/Data,2024-12,1,1
scikit-learn/scikit-learn,ML/Data,2023-01,0,1835
scikit-learn/scikit-learn,ML/Data,2023-01,1,5
scikit-learn/scikit-learn,ML/Data,2023-02,0,1493
scikit-learn/scikit-learn,ML/Data,2023-02,1,5
scikit-learn/scikit-learn,ML/Data,2023-03,0,1961
scikit-learn/scikit-learn,ML/Data,2023-03,1,5
scikit-learn/scikit-learn,ML/Data,2023-04,0,1761
scikit-learn/scikit-learn,ML/Data,2023-04,1,7
scikit-learn/scikit-learn,ML/Data,2023-05,0,1333
scikit-learn/scikit-learn,ML/Data,2023-05,1,25
scikit-learn/scikit-learn,ML/Data,2023-06,0,1778
scikit-learn/scikit-learn,ML/Data,2023-06,1,161
scikit-learn/scikit-learn,ML/Data,2023-07,0,1656
scikit-learn/scikit-learn,ML/Data,2023-07,1,145
scikit-learn/scikit-learn,ML/Data,2023-08,0,1754
scikit-learn/scikit-learn,ML/Data,2023-08,1,221
scikit-learn/scikit-learn,ML/Data,2023-09,0,2091
scikit-learn/scikit-learn,ML/Data,2023-09,1,174
scikit-learn/scikit-learn,ML/Data,2023-10,0,1431
scikit-learn/scikit-learn,ML/Data,2023-10,1,127
scikit-learn/scikit-learn,ML/Data,2023-11,0,1341
scikit-learn/scikit-learn,ML/Data,2023-11,1,146
scikit-learn/scikit-learn,ML/Data,2023-12,0,1120
scikit-learn/scikit-learn,ML/Data,2023-12,1,101
scikit-learn/scikit-learn,ML/Data,2024-01,0,1871
scikit-learn/scikit-learn,ML/Data,2024-01,1,217
scikit-learn/scikit-learn,ML/Data,2024-02,0,1826
scikit-learn/scikit-learn,ML/Data,2024-02,1,181
scikit-learn/scikit-learn,ML/Data,2024-03,0,1649
scikit-learn/scikit-learn,ML/Data,2024-03,1,131
scikit-learn/scikit-learn,ML/Data,2024-04,0,1604
scikit-learn/scikit-learn,ML/Data,2024-04,1,152
scikit-learn/scikit-learn,ML/Data,2024-05,0,1658
scikit-learn/scikit-learn,ML/Data,2024-05,1,152
scikit-learn/scikit-learn,ML/Data,2024-06,0,1566
scikit-learn/scikit-learn,ML/Data,2024-06,1,182
scikit-learn/scikit-learn,ML/Data,2024-07,0,1796
scikit-learn/scikit-learn,ML/Data,2024-07,1,157
scikit-learn/scikit-learn,ML/Data,2024-08,0,1132
scikit-learn/scikit-learn,ML/Data,2024-08,1,139
scikit-learn/scikit-learn,ML/Data,2024-09,0,1511
scikit-learn/scikit-learn,ML/Data,2024-09,1,202
scikit-learn/scikit-learn,ML/Data,2024-10,0,1759
scikit-learn/scikit-learn,ML/Data,2024-10,1,160
scikit-learn/scikit-learn,ML/Data,2024-11,0,1449
scikit-learn/scikit-learn,ML/Data,2024-11,1,145
scikit-learn/scikit-learn,ML/Data,2024-12,0,1197
scikit-learn/scikit-learn,ML/Data,2024-12,1,146
sveltejs/svelte,Frontend,2023-01,0,1397
sveltejs/svelte,Frontend,2023-01,1,3
sveltejs/svelte,Frontend,2023-02,0,1546
sveltejs/svelte,Frontend,2023-02,1,92
sveltejs/svelte,Frontend,2023-03,0,1335
sveltejs/svelte,Frontend,2023-03,1,50
sveltejs/svelte,Frontend,2023-04,0,1363
sveltejs/svelte,Frontend,2023-04,1,65
sveltejs/svelte,Frontend,2023-05,0,1756
sveltejs/svelte,Frontend,2023-05,1,66
sveltejs/svelte,Frontend,2023-06,0,3790
sveltejs/svelte,Frontend,2023-06,1,114
sveltejs/svelte,Frontend,2023-07,0,2052
sveltejs/svelte,Frontend,2023-07,1,85
sveltejs/svelte,Frontend,2023-08,0,1241
sveltejs/svelte,Frontend,2023-08,1,72
sveltejs/svelte,Frontend,2023-09,0,1335
sveltejs/svelte,Frontend,2023-09,1,50
sveltejs/svelte,Frontend,2023-10,0,1013
sveltejs/svelte,Frontend,2023-10,1,39
sveltejs/svelte,Frontend,2023-11,0,2487
sveltejs/svelte,Frontend,2023-11,1,432
sveltejs/svelte,Frontend,2023-12,0,2026
sveltejs/svelte,Frontend,2023-12,1,282
sveltejs/svelte,Frontend,2024-01,0,2575
sveltejs/svelte,Frontend,2024-01,1,337
sveltejs/svelte,Frontend,2024-02,0,2376
sveltejs/svelte,Frontend,2024-02,1,251
sveltejs/svelte,Frontend,2024-03,0,2303
sveltejs/svelte,Frontend,2024-03,1,278
sveltejs/svelte,Frontend,2024-04,0,3267
sveltejs/svelte,Frontend,2024-04,1,319
sveltejs/svelte,Frontend,2024-05,0,2970
sveltejs/svelte,Frontend,2024-05,1,349
sveltejs/svelte,Frontend,2024-06,0,2478
sveltejs/svelte,Frontend,2024-06,1,296
sveltejs/svelte,Frontend,2024-07,0,3393
sveltejs/svelte,Frontend,2024-07,1,403
sveltejs/svelte,Frontend,2024-08,0,2971
sveltejs/svelte,Frontend,2024-08,1,350
sveltejs/svelte,Frontend,2024-09,0,2544
sveltejs/svelte,Frontend,2024-09,1,237
sveltejs/svelte,Frontend,2024-10,0,4114
sveltejs/svelte,Frontend,2024-10,1,533
sveltejs/svelte,Frontend,2024-11,0,3087
sveltejs/svelte,Frontend,2024-11,1,345
sveltejs/svelte,Frontend,2024-12,0,2583
sveltejs/svelte,Frontend,2024-12,1,335
tailwindlabs/tailwindcss,Frontend,2023-01,0,1679
tailwindlabs/tailwindcss,Frontend,2023-01,1,26
tailwindlabs/tailwindcss,Frontend,2023-02,0,1360
tailwindlabs/tailwindcss,Frontend,2023-02,1,51
tailwindlabs/tailwindcss,Frontend,2023-03,0,1536
tailwindlabs/tailwindcss,Frontend,2023-03,1,65
tailwindlabs/tailwindcss,Frontend,2023-04,0,1351
tailwindlabs/tailwindcss,Frontend,2023-04,1,27
tailwindlabs/tailwindcss,Frontend,2023-05,0,1615
tailwindlabs/tailwindcss,Frontend,2023-05,1,19
tailwindlabs/tailwindcss,Frontend,2023-06,0,1158
tailwindlabs/tailwindcss,Frontend,2023-06,1,33
tailwindlabs/tailwindcss,Frontend,2023-07,0,1242
tailwindlabs/tailwindcss,Frontend,2023-07,1,41
tailwindlabs/tailwindcss,Frontend,2023-08,0,1154
tailwindlabs/tailwindcss,Frontend,2023-08,1,49
tailwindlabs/tailwindcss,Frontend,2023-09,0,1031
tailwindlabs/tailwindcss,Frontend,2023-09,1,31
tailwindlabs/tailwindcss,Frontend,2023-10,0,1317
tailwindlabs/tailwindcss,Frontend,2023-10,1,33
tailwindlabs/tailwindcss,Frontend,2023-11,0,912
tailwindlabs/tailwindcss,Frontend,2023-11,1,41
tailwindlabs/tailwindcss,Frontend,2023-12,0,1226
tailwindlabs/tailwindcss,Frontend,2023-12,1,38
tailwindlabs/tailwindcss,Frontend,2024-01,0,1361
tailwindlabs/tailwindcss,Frontend,2024-01,1,36
tailwindlabs/tailwindcss,Frontend,2024-02,0,1051
tailwindlabs/tailwindcss,Frontend,2024-02,1,30
tailwindlabs/tailwindcss,Frontend,2024-03,0,2138
tailwindlabs/tailwindcss,Frontend,2024-03,1,21
tailwindlabs/tailwindcss,Frontend,2024-04,0,1295
tailwindlabs/tailwindcss,Frontend,2024-05,0,966
tailwindlabs/tailwindcss,Frontend,2024-05,1,4
tailwindlabs/tailwindcss,Frontend,2024-06,0,1263
tailwindlabs/tailwindcss,Frontend,2024-06,1,3
tailwindlabs/tailwindcss,Frontend,2024-07,0,1350
tailwindlabs/tailwindcss,Frontend,2024-07,1,5
tailwindlabs/tailwindcss,Frontend,2024-08,0,1645
tailwindlabs/tailwindcss,Frontend,2024-08,1,4
tailwindlabs/tailwindcss,Frontend,2024-09,0,1826
tailwindlabs/tailwindcss,Frontend,2024-09,1,18
tailwindlabs/tailwindcss,Frontend,2024-10,0,2081
tailwindlabs/tailwindcss,Frontend,2024-10,1,66
tailwindlabs/tailwindcss,Frontend,2024-11,0,2230
tailwindlabs/tailwindcss,Frontend,2024-11,1,64
tailwindlabs/tailwindcss,Frontend,2024-12,0,1359
tailwindlabs/tailwindcss,Frontend,2024-12,1,39
tensorflow/tensorflow,ML/Data,2023-01,0,3127
tensorflow/tensorflow,ML/Data,2023-01,1,2004
tensorflow/tensorflow,ML/Data,2023-02,0,3197
tensorflow/tensorflow,ML/Data,2023-02,1,1915
tensorflow/tensorflow,ML/Data,2023-03,0,3536
tensorflow/tensorflow,ML/Data,2023-03,1,2153
tensorflow/tensorflow,ML/Data,2023-04,0,3079
tensorflow/tensorflow,ML/Data,2023-04,1,1966
tensorflow/tensorflow,ML/Data,2023-05,0,3197
tensorflow/tensorflow,ML/Data,2023-05,1,1854
tensorflow/tensorflow,ML/Data,2023-06,0,2627
tensorflow/tensorflow,ML/Data,2023-06,1,1868
tensorflow/tensorflow,ML/Data,2023-07,0,2576
tensorflow/tensorflow,ML/Data,2023-07,1,1645
tensorflow/tensorflow,ML/Data,2023-08,0,2736
tensorflow/tensorflow,ML/Data,2023-08,1,2168
tensorflow/tensorflow,ML/Data,2023-09,0,2419
tensorflow/tensorflow,ML/Data,2023-09,1,1835
tensorflow/tensorflow,ML/Data,2023-10,0,2299
tensorflow/tensorflow,ML/Data,2023-10,1,1619
tensorflow/tensorflow,ML/Data,2023-11,0,2293
tensorflow/tensorflow,ML/Data,2023-11,1,1549
tensorflow/tensorflow,ML/Data,2023-12,0,2066
tensorflow/tensorflow,ML/Data,2023-12,1,1361
tensorflow/tensorflow,ML/Data,2024-01,0,1878
tensorflow/tensorflow,ML/Data,2024-01,1,1609
tensorflow/tensorflow,ML/Data,2024-02,0,1996
tensorflow/tensorflow,ML/Data,2024-02,1,2063
tensorflow/tensorflow,ML/Data,2024-03,0,2369
tensorflow/tensorflow,ML/Data,2024-03,1,7365
tensorflow/tensorflow,ML/Data,2024-04,0,2446
tensorflow/tensorflow,ML/Data,2024-04,1,10629
tensorflow/tensorflow,ML/Data,2024-05,0,1996
tensorflow/tensorflow,ML/Data,2024-05,1,10288
tensorflow/tensorflow,ML/Data,2024-06,0,2136
tensorflow/tensorflow,ML/Data,2024-06,1,8193
tensorflow/tensorflow,ML/Data,2024-07,0,2284
tensorflow/tensorflow,ML/Data,2024-07,1,9756
tensorflow/tensorflow,ML/Data,2024-08,0,2405
tensorflow/tensorflow,ML/Data,2024-08,1,9477
tensorflow/tensorflow,ML/Data,2024-09,0,2062
tensorflow/tensorflow,ML/Data,2024-09,1,8325
tensorflow/tensorflow,ML/Data,2024-10,0,2203
tensorflow/tensorflow,ML/Data,2024-10,1,10620
tensorflow/tensorflow,ML/Data,2024-11,0,2720
tensorflow/tensorflow,ML/Data,2024-11,1,8028
tensorflow/tensorflow,ML/Data,2024-12,0,2302
tensorflow/tensorflow,ML/Data,2024-12,1,9345
tiangolo/fastapi,Backend/DevOps,2023-01,0,1722
tiangolo/fastapi,Backend/DevOps,2023-01,1,180
tiangolo/fastapi,Backend/DevOps,2023-02,0,3780
tiangolo/fastapi,Backend/DevOps,2023-02,1,636
tiangolo/fastapi,Backend/DevOps,2023-03,0,1412
tiangolo/fastapi,Backend/DevOps,2023-03,1,164
tiangolo/fastapi,Backend/DevOps,2023-04,0,1455
tiangolo/fastapi,Backend/DevOps,2023-04,1,139
tiangolo/fastapi,Backend/DevOps,2023-05,0,1405
tiangolo/fastapi,Backend/DevOps,2023-05,1,139
tiangolo/fastapi,Backend/DevOps,2023-06,0,2232
tiangolo/fastapi,Backend/DevOps,2023-06,1,82
tiangolo/fastapi,Backend/DevOps,2023-07,0,1757
tiangolo/fastapi,Backend/DevOps,2023-07,1,42
tiangolo/fastapi,Backend/DevOps,2023-08,0,1619
tiangolo/fastapi,Backend/DevOps,2023-08,1,34
tiangolo/fastapi,Backend/DevOps,2023-09,0,1702
tiangolo/fastapi,Backend/DevOps,2023-09,1,34
tiangolo/fastapi,Backend/DevOps,2023-10,0,2014
tiangolo/fastapi,Backend/DevOps,2023-10,1,37
tiangolo/fastapi,Backend/DevOps,2023-11,0,1702
tiangolo/fastapi,Backend/DevOps,2023-11,1,8
tiangolo/fastapi,Backend/DevOps,2023-12,0,1835
tiangolo/fastapi,Backend/DevOps,2023-12,1,24
tiangolo/fastapi,Backend/DevOps,2024-01,0,2503
tiangolo/fastapi,Backend/DevOps,2024-01,1,26
tiangolo/fastapi,Backend/DevOps,2024-02,0,1765
tiangolo/fastapi,Backend/DevOps,2024-02,1,19
tiangolo/fastapi,Backend/DevOps,2024-03,0,2196
tiangolo/fastapi,Backend/DevOps,2024-03,1,20
tiangolo/fastapi,Backend/DevOps,2024-04,0,1706
tiangolo/fastapi,Backend/DevOps,2024-04,1,45
tiangolo/fastapi,Backend/DevOps,2024-05,0,1512
tiangolo/fastapi,Backend/DevOps,2024-05,1,12
tiangolo/fastapi,Backend/DevOps,2024-06,0,1363
tiangolo/fastapi,Backend/DevOps,2024-06,1,16
tiangolo/fastapi,Backend/DevOps,2024-07,0,1411
tiangolo/fastapi,Backend/DevOps,2024-07,1,10
twbs/bootstrap,Frontend,2023-01,0,1482
twbs/bootstrap,Frontend,2023-01,1,24
twbs/bootstrap,Frontend,2023-02,0,1249
twbs/bootstrap,Frontend,2023-02,1,38
twbs/bootstrap,Frontend,2023-03,0,1788
twbs/bootstrap,Frontend,2023-03,1,35
twbs/bootstrap,Frontend,2023-04,0,1284
twbs/bootstrap,Frontend,2023-04,1,21
twbs/bootstrap,Frontend,2023-05,0,1603
twbs/bootstrap,Frontend,2023-05,1,34
twbs/bootstrap,Frontend,2023-06,0,985
twbs/bootstrap,Frontend,2023-06,1,30
twbs/bootstrap,Frontend,2023-07,0,977
twbs/bootstrap,Frontend,2023-07,1,36
twbs/bootstrap,Frontend,2023-08,0,987
twbs/bootstrap,Frontend,2023-08,1,21
twbs/bootstrap,Frontend,2023-09,0,952
twbs/bootstrap,Frontend,2023-09,1,43
twbs/bootstrap,Frontend,2023-10,0,686
twbs/bootstrap,Frontend,2023-10,1,45
twbs/bootstrap,Frontend,2023-11,0,735
twbs/bootstrap,Frontend,2023-11,1,56
twbs/bootstrap,Frontend,2023-12,0,676
twbs/bootstrap,Frontend,2023-12,1,28
twbs/bootstrap,Frontend,2024-01,0,724
twbs/bootstrap,Frontend,2024-01,1,39
twbs/bootstrap,Frontend,2024-02,0,813
twbs/bootstrap,Frontend,2024-02,1,45
twbs/bootstrap,Frontend,2024-03,0,1169
twbs/bootstrap,Frontend,2024-03,1,29
twbs/bootstrap,Frontend,2024-04,0,764
twbs/bootstrap,Frontend,2024-04,1,41
twbs/bootstrap,Frontend,2024-05,0,710
twbs/bootstrap,Frontend,2024-05,1,42
twbs/bootstrap,Frontend,2024-06,0,716
twbs/bootstrap,Frontend,2024-06,1,26
twbs/bootstrap,Frontend,2024-07,0,1009
twbs/bootstrap,Frontend,2024-07,1,41
twbs/bootstrap,Frontend,2024-08,0,2016
twbs/bootstrap,Frontend,2024-08,1,35
twbs/bootstrap,Frontend,2024-09,0,967
twbs/bootstrap,Frontend,2024-09,1,37
twbs/bootstrap,Frontend,2024-10,0,766
twbs/bootstrap,Frontend,2024-10,1,63
twbs/bootstrap,Frontend,2024-11,0,801
twbs/bootstrap,Frontend,2024-11,1,16
twbs/bootstrap,Frontend,2024-12,0,531
twbs/bootstrap,Frontend,2024-12,1,15
vercel/next.js,Frontend,2023-01,0,5546
vercel/next.js,Frontend,2023-01,1,511
vercel/next.js,Frontend,2023-02,0,5866
vercel/next.js,Frontend,2023-02,1,737
vercel/next.js,Frontend,2023-03,0,6202
vercel/next.js,Frontend,2023-03,1,731
vercel/next.js,Frontend,2023-04,0,6589
vercel/next.js,Frontend,2023-04,1,422
vercel/next.js,Frontend,2023-05,0,7742
vercel/next.js,Frontend,2023-05,1,433
vercel/next.js,Frontend,2023-06,0,6968
vercel/next.js,Frontend,2023-06,1,877
vercel/next.js,Frontend,2023-07,0,6631
vercel/next.js,Frontend,2023-07,1,811
vercel/next.js,Frontend,2023-08,0,6800
vercel/next.js,Frontend,2023-08,1,1149
vercel/next.js,Frontend,2023-09,0,7214
vercel/next.js,Frontend,2023-09,1,1170
vercel/next.js,Frontend,2023-10,0,7590
vercel/next.js,Frontend,2023-10,1,1086
vercel/next.js,Frontend,2023-11,0,6018
vercel/next.js,Frontend,2023-11,1,719
vercel/next.js,Frontend,2023-12,0,4359
vercel/next.js,Frontend,2023-12,1,243
vercel/next.js,Frontend,2024-01,0,7152
vercel/next.js,Frontend,2024-01,1,344
vercel/next.js,Frontend,2024-02,0,6249
vercel/next.js,Frontend,2024-02,1,318
vercel/next.js,Frontend,2024-03,0,6051
vercel/next.js,Frontend,2024-03,1,288
vercel/next.js,Frontend,2024-04,0,6583
vercel/next.js,Frontend,2024-04,1,323
vercel/next.js,Frontend,2024-05,0,5990
vercel/next.js,Frontend,2024-05,1,297
vercel/next.js,Frontend,2024-06,0,4796
vercel/next.js,Frontend,2024-06,1,198
vercel/next.js,Frontend,2024-07,0,5895
vercel/next.js,Frontend,2024-07,1,206
vercel/next.js,Frontend,2024-08,0,6529
vercel/next.js,Frontend,2024-08,1,263
vercel/next.js,Frontend,2024-09,0,6883
vercel/next.js,Frontend,2024-09,1,308
vercel/next.js,Frontend,2024-10,0,9590
vercel/next.js,Frontend,2024-10,1,292
vercel/next.js,Frontend,2024-11,0,6896
vercel/next.js,Frontend,2024-11,1,322
vercel/next.js,Frontend,2024-12,0,5530
vercel/next.js,Frontend,2024-12,1,235
vuejs/vue,Frontend,2023-01,0,1009
vuejs/vue,Frontend,2023-01,1,2
vuejs/vue,Frontend,2023-02,0,956
vuejs/vue,Frontend,2023-03,0,908
vuejs/vue,Frontend,2023-03,1,1
vuejs/vue,Frontend,2023-04,0,784
vuejs/vue,Frontend,2023-05,0,869
vuejs/vue,Frontend,2023-06,0,785
vuejs/vue,Frontend,2023-07,0,713
vuejs/vue,Frontend,2023-07,1,1
vuejs/vue,Frontend,2023-08,0,905
vuejs/vue,Frontend,2023-08,1,2
vuejs/vue,Frontend,2023-09,0,646
vuejs/vue,Frontend,2023-10,0,636
vuejs/vue,Frontend,2023-10,1,10
vuejs/vue,Frontend,2023-11,0,661
vuejs/vue,Frontend,2023-11,1,2
vuejs/vue,Frontend,2023-12,0,706
vuejs/vue,Frontend,2023-12,1,5
vuejs/vue,Frontend,2024-01,0,652
vuejs/vue,Frontend,2024-01,1,4
vuejs/vue,Frontend,2024-02,0,480
vuejs/vue,Frontend,2024-03,0,638
vuejs/vue,Frontend,2024-03,1,1
vuejs/vue,Frontend,2024-04,0,662
vuejs/vue,Frontend,2024-04,1,2
vuejs/vue,Frontend,2024-05,0,588
vuejs/vue,Frontend,2024-05,1,3
vuejs/vue,Frontend,2024-06,0,439
vuejs/vue,Frontend,2024-07,0,541
vuejs/vue,Frontend,2024-08,0,500
vuejs/vue,Frontend,2024-08,1,3
vuejs/vue,Frontend,2024-09,0,474
vuejs/vue,Frontend,2024-10,0,472
vuejs/vue,Frontend,2024-10,1,1
vuejs/vue,Frontend,2024-11,0,373
vuejs/vue,Frontend,2024-12,0,399
vuejs/vue,Frontend,2024-12,1,1
